
                [
                  {
                  "id": 4562,
                  "title": "groupb",
                  "content": "ramlnotes",
                  "createdAt": "01-01-2018 06:22:12",
                  "updatedAt": "01-01-2018 06:22:12"},
                                  {
                  "id": 4562,
                  "title": "groupb",
                  "content": "ramlnotes",
                  "createdAt": "01-01-2018 06:22:12",
                  "updatedAt": "01-01-2018 06:22:12"}
                ]