<?xml version="1.0" encoding="UTF-8"?>

<mule xmlns:ee="http://www.mulesoft.org/schema/mule/ee/core"
	xmlns:db="http://www.mulesoft.org/schema/mule/db"
	xmlns="http://www.mulesoft.org/schema/mule/core" xmlns:doc="http://www.mulesoft.org/schema/mule/documentation"
	xmlns:xsi="http://www.w3.org/2001/XMLSchema-instance"
	xsi:schemaLocation="
http://www.mulesoft.org/schema/mule/ee/core http://www.mulesoft.org/schema/mule/ee/core/current/mule-ee.xsd 
http://www.mulesoft.org/schema/mule/db http://www.mulesoft.org/schema/mule/db/current/mule-db.xsd http://www.mulesoft.org/schema/mule/core http://www.mulesoft.org/schema/mule/core/current/mule.xsd">
<sub-flow name="delete_by_noteid" doc:id="6b1d18ba-ea47-4cc5-82e7-517b89ec0352" >
		<db:delete doc:name="Delete" doc:id="9fa136d9-c837-4635-a6a2-97bfca712abb" config-ref="Database_Config">
			<db:sql><![CDATA[delete from notes where id=:id]]></db:sql>
			<db:input-parameters><![CDATA[#[{
	id:attributes.uriParams.noteid
	
}]]]></db:input-parameters>
		</db:delete>
		<ee:transform doc:name="Transform Message" doc:id="26a7f120-dd34-482f-a151-c0ed716b5766" >
			<ee:message >
				<ee:set-payload ><![CDATA[%dw 2.0
output application/json
---
{
	message:"data deleted"
}]]></ee:set-payload>
			</ee:message>
		</ee:transform>
	</sub-flow>
	<sub-flow name="post_notes" doc:id="2c428a67-1476-4f06-b7df-13baf73ce4c6" >
		<db:insert doc:name="Insert" doc:id="d3f57103-4b94-479d-a294-7bd73b54c786" config-ref="Database_Config">
			<db:sql ><![CDATA[insert into notes (title,content,createdAt,updatedAt) values(:title,:content,:createdAt,:updatedAt)]]></db:sql>
			<db:input-parameters ><![CDATA[#[%dw 2.0
output application/json
---
{
	title:payload.title,
	content:payload.content,
	createdAt:now() as DateTime as String {format : 'yyyy-MM-d h:mm:ss'},
	updatedAt:now() as DateTime as String {format : 'yyyy-MM-d h:mm:ss'}
}]]]></db:input-parameters>
		</db:insert>
		<ee:transform doc:name="Transform Message" doc:id="e187551f-a4b9-452b-8fba-6b90d288c3e6" >
			<ee:message >
				<ee:set-payload ><![CDATA[%dw 2.0
output application/json
---
{
	message : "Data inseted"
}]]></ee:set-payload>
			</ee:message>
		</ee:transform>
	</sub-flow>
	<sub-flow name="get_by_noteid" doc:id="3c9e016d-6457-4f9e-85f8-9e1b2048fed0" >
		<logger level="INFO" doc:name="Logger" doc:id="4eeeb469-07a0-4093-a55d-847e92eb90b7" message="#[payload]"/>
		<db:select doc:name="Select" doc:id="a5dd5829-7051-4ef1-a205-9171e65c349e" config-ref="Database_Config">
			<db:sql><![CDATA[select * from notes where id =:id]]></db:sql>
			<db:input-parameters ><![CDATA[#[{
	id: attributes.uriParams.noteid
}]]]></db:input-parameters>
		
</db:select>
		<ee:transform doc:name="Transform Message" doc:id="7cfe8723-ff72-49f8-b684-4c5f72bb5771">
			<ee:message>
				<ee:set-payload><![CDATA[%dw 2.0
output application/json
---
payload]]></ee:set-payload>
			</ee:message>
		</ee:transform>
	</sub-flow>
	<sub-flow name="select_notes" doc:id="3dee794d-a4e9-47f3-86ca-72da6153a82b" >
		<db:select doc:name="Select" doc:id="310827fa-7f68-4a97-9375-30e19d09ea30" config-ref="Database_Config">
			<db:sql><![CDATA[select * from notes;]]></db:sql>
		</db:select>
		<ee:transform doc:name="Transform Message" doc:id="23a0f7b8-1407-44dc-b8b0-5c9ece032273">
			<ee:message>
				<ee:set-payload><![CDATA[%dw 2.0
output application/json
---
payload]]></ee:set-payload>
			</ee:message>
		</ee:transform>
		
		</sub-flow>
		
		<sub-flow name="put_note_id" doc:id="ab3bac22-329b-4713-99f8-f2073ee6aa00" >
		<db:update doc:name="Update" doc:id="87b50600-bc7b-4166-b006-2c1fbd1a9499" config-ref="Database_Config">
			<db:sql><![CDATA[update notes set title=:title,content=:content, createdAt=:createdAt, updatedAt=:updatedAt
where id=:id]]></db:sql>
			<db:input-parameters><![CDATA[#[{
	
id: attributes.uriParams.noteid,
title:payload.title,
content:payload.content,
createdAt:now() as DateTime as String {format : 'yyyy-MM-d h:mm:ss'},
updatedAt:now() as DateTime as String {format : 'yyyy-MM-d h:mm:ss'}
}]]]></db:input-parameters>
		</db:update>
		<logger level="INFO" doc:name="Logger" doc:id="9f5430b9-9c5c-4318-9e5d-00333eac3bca" message="updated" />
	</sub-flow>
	
	
	
</mule>
